ID,FIRST_NAME,LAST_NAME,created_at
20,Anna,A.,2025-07-18 06:16:15.732228 UTC
23,Mildred,A.,2025-07-18 06:16:15.732228 UTC
40,Maria,A.,2025-07-18 06:16:15.732228 UTC
59,Adam,A.,2025-07-18 06:16:15.732228 UTC
74,Harry,A.,2025-07-18 06:16:15.732228 UTC
96,Jacqueline,A.,2025-07-18 06:16:15.732228 UTC
27,Benjamin,B.,2025-07-18 06:16:15.732228 UTC
45,Scott,B.,2025-07-18 06:16:15.732228 UTC
53,Anne,B.,2025-07-18 06:16:15.732228 UTC
73,Alan,B.,2025-07-18 06:16:15.732228 UTC
87,Phillip,B.,2025-07-18 06:16:15.732228 UTC
4,Jimmy,C.,2025-07-18 06:16:15.732228 UTC
41,Gloria,C.,2025-07-18 06:16:15.732228 UTC
46,Norma,C.,2025-07-18 06:16:15.732228 UTC
48,Lillian,C.,2025-07-18 06:16:15.732228 UTC
64,David,C.,2025-07-18 06:16:15.732228 UTC
71,Gerald,C.,2025-07-18 06:16:15.732228 UTC
86,Jason,C.,2025-07-18 06:16:15.732228 UTC
12,Amy,D.,2025-07-18 06:16:15.732228 UTC
82,Arthur,D.,2025-07-18 06:16:15.732228 UTC
97,Shirley,D.,2025-07-18 06:16:15.732228 UTC
68,Jesse,E.,2025-07-18 06:16:15.732228 UTC
9,Jennifer,F.,2025-07-18 06:16:15.732228 UTC
14,Steve,F.,2025-07-18 06:16:15.732228 UTC
19,Virginia,F.,2025-07-18 06:16:15.732228 UTC
52,Laura,F.,2025-07-18 06:16:15.732228 UTC
70,Helen,F.,2025-07-18 06:16:15.732228 UTC
24,David,G.,2025-07-18 06:16:15.732228 UTC
31,Jane,G.,2025-07-18 06:16:15.732228 UTC
63,Edward,G.,2025-07-18 06:16:15.732228 UTC
99,Mary,G.,2025-07-18 06:16:15.732228 UTC
15,Teresa,H.,2025-07-18 06:16:15.732228 UTC
16,Amanda,H.,2025-07-18 06:16:15.732228 UTC
21,Willie,H.,2025-07-18 06:16:15.732228 UTC
22,Sean,H.,2025-07-18 06:16:15.732228 UTC
25,Victor,H.,2025-07-18 06:16:15.732228 UTC
67,Michael,H.,2025-07-18 06:16:15.732228 UTC
75,Andrea,H.,2025-07-18 06:16:15.732228 UTC
78,Harry,H.,2025-07-18 06:16:15.732228 UTC
80,Phillip,H.,2025-07-18 06:16:15.732228 UTC
81,Shirley,H.,2025-07-18 06:16:15.732228 UTC
94,Gregory,H.,2025-07-18 06:16:15.732228 UTC
37,Shirley,J.,2025-07-18 06:16:15.732228 UTC
38,Dennis,J.,2025-07-18 06:16:15.732228 UTC
89,Margaret,J.,2025-07-18 06:16:15.732228 UTC
18,Johnny,K.,2025-07-18 06:16:15.732228 UTC
29,Benjamin,K.,2025-07-18 06:16:15.732228 UTC
56,Joshua,K.,2025-07-18 06:16:15.732228 UTC
58,Kathryn,K.,2025-07-18 06:16:15.732228 UTC
50,Billy,L.,2025-07-18 06:16:15.732228 UTC
2,Shawn,M.,2025-07-18 06:16:15.732228 UTC
7,Martin,M.,2025-07-18 06:16:15.732228 UTC
13,Kathleen,M.,2025-07-18 06:16:15.732228 UTC
33,Katherine,M.,2025-07-18 06:16:15.732228 UTC
54,Rose,M.,2025-07-18 06:16:15.732228 UTC
85,Theresa,M.,2025-07-18 06:16:15.732228 UTC
98,Nicole,M.,2025-07-18 06:16:15.732228 UTC
100,Jean,M.,2025-07-18 06:16:15.732228 UTC
43,Kelly,N.,2025-07-18 06:16:15.732228 UTC
49,Judy,N.,2025-07-18 06:16:15.732228 UTC
32,Thomas,O.,2025-07-18 06:16:15.732228 UTC
36,Harold,O.,2025-07-18 06:16:15.732228 UTC
72,Kathryn,O.,2025-07-18 06:16:15.732228 UTC
92,Willie,O.,2025-07-18 06:16:15.732228 UTC
1,Michael,P.,2025-07-18 06:16:15.732228 UTC
3,Kathleen,P.,2025-07-18 06:16:15.732228 UTC
47,Marie,P.,2025-07-18 06:16:15.732228 UTC
62,Elizabeth,P.,2025-07-18 06:16:15.732228 UTC
69,Janet,P.,2025-07-18 06:16:15.732228 UTC
90,Paul,P.,2025-07-18 06:16:15.732228 UTC
95,Lisa,P.,2025-07-18 06:16:15.732228 UTC
5,Katherine,R.,2025-07-18 06:16:15.732228 UTC
6,Sarah,R.,2025-07-18 06:16:15.732228 UTC
8,Frank,R.,2025-07-18 06:16:15.732228 UTC
17,Kimberly,R.,2025-07-18 06:16:15.732228 UTC
26,Aaron,R.,2025-07-18 06:16:15.732228 UTC
44,Jane,R.,2025-07-18 06:16:15.732228 UTC
51,Howard,R.,2025-07-18 06:16:15.732228 UTC
55,Nicholas,R.,2025-07-18 06:16:15.732228 UTC
61,Timothy,R.,2025-07-18 06:16:15.732228 UTC
79,Jack,R.,2025-07-18 06:16:15.732228 UTC
83,Virginia,R.,2025-07-18 06:16:15.732228 UTC
84,Christina,R.,2025-07-18 06:16:15.732228 UTC
93,Frances,R.,2025-07-18 06:16:15.732228 UTC
11,Fred,S.,2025-07-18 06:16:15.732228 UTC
34,Jennifer,S.,2025-07-18 06:16:15.732228 UTC
42,Diana,S.,2025-07-18 06:16:15.732228 UTC
35,Sara,T.,2025-07-18 06:16:15.732228 UTC
88,Adam,T.,2025-07-18 06:16:15.732228 UTC
10,Henry,W.,2025-07-18 06:16:15.732228 UTC
28,Lisa,W.,2025-07-18 06:16:15.732228 UTC
30,Christina,W.,2025-07-18 06:16:15.732228 UTC
39,Louise,W.,2025-07-18 06:16:15.732228 UTC
57,Paul,W.,2025-07-18 06:16:15.732228 UTC
60,Norma,W.,2025-07-18 06:16:15.732228 UTC
65,Brenda,W.,2025-07-18 06:16:15.732228 UTC
66,Adam,W.,2025-07-18 06:16:15.732228 UTC
76,Barbara,W.,2025-07-18 06:16:15.732228 UTC
77,Anne,W.,2025-07-18 06:16:15.732228 UTC
91,Todd,W.,2025-07-18 06:16:15.732228 UTC